--
-- Data for Name: address; Type: TABLE DATA; Schema: public; Owner: postgres
--

--
-- Data for Name: admin; Type: TABLE DATA; Schema: public; Owner: postgres
--

INSERT INTO public.admin (id, created_at, updated_at, email, name, phone, title) VALUES (1,'2019-07-31 15:40:38.743','2019-07-31 15:40:38.743','lawsonwaller@sampleemail.com','Lawson Waller','1234567890','Title 1');
INSERT INTO public.admin (id, created_at, updated_at, email, name, phone, title) VALUES (2,'2019-07-31 15:40:38.743','2019-07-31 15:40:38.743','brennanmercer@sampleemail.com','Brennan Mercer','1234567891','Title 2');
INSERT INTO public.admin (id, created_at, updated_at, email, name, phone, title) VALUES (3,'2019-07-31 15:40:38.743','2019-07-31 15:40:38.743','maximiliangarner@sampleemail.com','Maximilian Garner','1234567892','Title 3');
INSERT INTO public.admin (id, created_at, updated_at, email, name, phone, title) VALUES (4,'2019-07-31 15:40:38.743','2019-07-31 15:40:38.743','yulianacolon@sampleemail.com','Yuliana Colon','1234567893','Title 4');
INSERT INTO public.admin (id, created_at, updated_at, email, name, phone, title) VALUES (5,'2019-07-31 15:40:38.743','2019-07-31 15:40:38.743','brodiewashington@sampleemail.com','Brodie Washington','1234567894','Title 5');
INSERT INTO public.admin (id, created_at, updated_at, email, name, phone, title) VALUES (6,'2019-07-31 15:40:38.743','2019-07-31 15:40:38.743','carlapoole@sampleemail.com','Carla Poole','1234567895','Title 6');
INSERT INTO public.admin (id, created_at, updated_at, email, name, phone, title) VALUES (7,'2019-07-31 15:40:38.743','2019-07-31 15:40:38.743','leslyschwartz@sampleemail.com','Lesly Schwartz','1234567896','Title 7');
INSERT INTO public.admin (id, created_at, updated_at, email, name, phone, title) VALUES (8,'2019-07-31 15:40:38.743','2019-07-31 15:40:38.743','kaelthompson@sampleemail.com','Kael Thompson','1234567897','Title 8');
INSERT INTO public.admin (id, created_at, updated_at, email, name, phone, title) VALUES (9,'2019-07-31 15:40:38.743','2019-07-31 15:40:38.743','mariannaharrison@sampleemail.com','Marianna Harrison','1234567898','Title 9');
INSERT INTO public.admin (id, created_at, updated_at, email, name, phone, title) VALUES (10,'2019-07-31 15:40:38.743','2019-07-31 15:40:38.743','sherlynchapman@sampleemail.com','Sherlyn Chapman','1234567899','Title 10');
INSERT INTO public.admin (id, created_at, updated_at, email, name, phone, title) VALUES (11,'2019-07-31 15:40:38.743','2019-07-31 15:40:38.743','dominiquemaxwell@sampleemail.com','Dominique Maxwell','1234567900','Title 11');
INSERT INTO public.admin (id, created_at, updated_at, email, name, phone, title) VALUES (12,'2019-07-31 15:40:38.743','2019-07-31 15:40:38.743','savionburch@sampleemail.com','Savion Burch','1234567901','Title 12');
INSERT INTO public.admin (id, created_at, updated_at, email, name, phone, title) VALUES (13,'2019-07-31 15:40:38.743','2019-07-31 15:40:38.743','quintinsanders@sampleemail.com','Quintin Sanders','1234567902','Title 13');
INSERT INTO public.admin (id, created_at, updated_at, email, name, phone, title) VALUES (14,'2019-07-31 15:40:38.743','2019-07-31 15:40:38.743','cierradeleon@sampleemail.com','Cierra Deleon','1234567903','Title 14');
INSERT INTO public.admin (id, created_at, updated_at, email, name, phone, title) VALUES (15,'2019-07-31 15:40:38.743','2019-07-31 15:40:38.743','edenhernandez@sampleemail.com','Eden Hernandez','1234567904','Title 15');
INSERT INTO public.admin (id, created_at, updated_at, email, name, phone, title) VALUES (16,'2019-07-31 15:40:38.743','2019-07-31 15:40:38.743','jaydastanton@sampleemail.com','Jayda Stanton','1234567905','Title 16');
INSERT INTO public.admin (id, created_at, updated_at, email, name, phone, title) VALUES (17,'2019-07-31 15:40:38.743','2019-07-31 15:40:38.743','gabrielmccormick@sampleemail.com','Gabriel Mccormick','1234567906','Title 17');
INSERT INTO public.admin (id, created_at, updated_at, email, name, phone, title) VALUES (18,'2019-07-31 15:40:38.743','2019-07-31 15:40:38.743','yasminevillarreal@sampleemail.com','Yasmine Villarreal','1234567907','Title 18');
INSERT INTO public.admin (id, created_at, updated_at, email, name, phone, title) VALUES (19,'2019-07-31 15:40:38.743','2019-07-31 15:40:38.743','michaelalong@sampleemail.com','Michaela Long','1234567908','Title 19');
INSERT INTO public.admin (id, created_at, updated_at, email, name, phone, title) VALUES (20,'2019-07-31 15:40:38.743','2019-07-31 15:40:38.743','deniseayers@sampleemail.com','Denise Ayers','1234567909','Title 20');
INSERT INTO public.admin (id, created_at, updated_at, email, name, phone, title) VALUES (21,'2019-07-31 15:40:38.743','2019-07-31 15:40:38.743','jordynbenton@sampleemail.com','Jordyn Benton','1234567910','Title 21');
INSERT INTO public.admin (id, created_at, updated_at, email, name, phone, title) VALUES (22,'2019-07-31 15:40:38.743','2019-07-31 15:40:38.743','aliyahays@sampleemail.com','Aliya Hays','1234567911','Title 22');
INSERT INTO public.admin (id, created_at, updated_at, email, name, phone, title) VALUES (23,'2019-07-31 15:40:38.743','2019-07-31 15:40:38.743','eleanorrocha@sampleemail.com','Eleanor Rocha','1234567912','Title 23');
INSERT INTO public.admin (id, created_at, updated_at, email, name, phone, title) VALUES (24,'2019-07-31 15:40:38.743','2019-07-31 15:40:38.743','cadehuffman@sampleemail.com','Cade Huffman','1234567913','Title 24');
INSERT INTO public.admin (id, created_at, updated_at, email, name, phone, title) VALUES (25,'2019-07-31 15:40:38.743','2019-07-31 15:40:38.743','mackenzieshannon@sampleemail.com','Mackenzie Shannon','1234567914','Title 25');
INSERT INTO public.admin (id, created_at, updated_at, email, name, phone, title) VALUES (26,'2019-07-31 15:40:38.743','2019-07-31 15:40:38.743','andreholden@sampleemail.com','Andre Holden','1234567915','Title 26');
INSERT INTO public.admin (id, created_at, updated_at, email, name, phone, title) VALUES (27,'2019-07-31 15:40:38.743','2019-07-31 15:40:38.743','lilianowens@sampleemail.com','Lilian Owens','1234567916','Title 27');
INSERT INTO public.admin (id, created_at, updated_at, email, name, phone, title) VALUES (28,'2019-07-31 15:40:38.743','2019-07-31 15:40:38.743','morganmonroe@sampleemail.com','Morgan Monroe','1234567917','Title 28');
INSERT INTO public.admin (id, created_at, updated_at, email, name, phone, title) VALUES (29,'2019-07-31 15:40:38.743','2019-07-31 15:40:38.743','daxhunter@sampleemail.com','Dax Hunter','1234567918','Title 29');
INSERT INTO public.admin (id, created_at, updated_at, email, name, phone, title) VALUES (30,'2019-07-31 15:40:38.743','2019-07-31 15:40:38.743','roselynwilkins@sampleemail.com','Roselyn Wilkins','1234567919','Title 30');
INSERT INTO public.admin (id, created_at, updated_at, email, name, phone, title) VALUES (31,'2019-07-31 15:40:38.743','2019-07-31 15:40:38.743','jamarisherman@sampleemail.com','Jamari Sherman','1234567920','Title 31');
INSERT INTO public.admin (id, created_at, updated_at, email, name, phone, title) VALUES (32,'2019-07-31 15:40:38.743','2019-07-31 15:40:38.743','maritzagross@sampleemail.com','Maritza Gross','1234567921','Title 32');
INSERT INTO public.admin (id, created_at, updated_at, email, name, phone, title) VALUES (33,'2019-07-31 15:40:38.743','2019-07-31 15:40:38.743','rubenware@sampleemail.com','Ruben Ware','1234567922','Title 33');
INSERT INTO public.admin (id, created_at, updated_at, email, name, phone, title) VALUES (34,'2019-07-31 15:40:38.743','2019-07-31 15:40:38.743','tuckerkirk@sampleemail.com','Tucker Kirk','1234567923','Title 34');
INSERT INTO public.admin (id, created_at, updated_at, email, name, phone, title) VALUES (35,'2019-07-31 15:40:38.743','2019-07-31 15:40:38.743','crystalarroyo@sampleemail.com','Crystal Arroyo','1234567924','Title 35');
INSERT INTO public.admin (id, created_at, updated_at, email, name, phone, title) VALUES (36,'2019-07-31 15:40:38.743','2019-07-31 15:40:38.743','damarishurley@sampleemail.com','Damaris Hurley','1234567925','Title 36');
INSERT INTO public.admin (id, created_at, updated_at, email, name, phone, title) VALUES (37,'2019-07-31 15:40:38.743','2019-07-31 15:40:38.743','franciscogentry@sampleemail.com','Francisco Gentry','1234567926','Title 37');
INSERT INTO public.admin (id, created_at, updated_at, email, name, phone, title) VALUES (38,'2019-07-31 15:40:38.743','2019-07-31 15:40:38.743','amyaburnett@sampleemail.com','Amya Burnett','1234567927','Title 38');
INSERT INTO public.admin (id, created_at, updated_at, email, name, phone, title) VALUES (39,'2019-07-31 15:40:38.743','2019-07-31 15:40:38.743','larryvelez@sampleemail.com','Larry Velez','1234567928','Title 39');
INSERT INTO public.admin (id, created_at, updated_at, email, name, phone, title) VALUES (40,'2019-07-31 15:40:38.743','2019-07-31 15:40:38.743','lucasrussell@sampleemail.com','Lucas Russell','1234567929','Title 40');
INSERT INTO public.admin (id, created_at, updated_at, email, name, phone, title) VALUES (41,'2019-07-31 15:40:38.743','2019-07-31 15:40:38.743','kiraspence@sampleemail.com','Kira Spence','1234567930','Title 41');
INSERT INTO public.admin (id, created_at, updated_at, email, name, phone, title) VALUES (42,'2019-07-31 15:40:38.743','2019-07-31 15:40:38.743','sienarodgers@sampleemail.com','Siena Rodgers','1234567931','Title 42');
INSERT INTO public.admin (id, created_at, updated_at, email, name, phone, title) VALUES (43,'2019-07-31 15:40:38.743','2019-07-31 15:40:38.743','conradpeters@sampleemail.com','Conrad Peters','1234567932','Title 43');
INSERT INTO public.admin (id, created_at, updated_at, email, name, phone, title) VALUES (44,'2019-07-31 15:40:38.743','2019-07-31 15:40:38.743','kalehurley@sampleemail.com','Kale Hurley','1234567933','Title 44');
INSERT INTO public.admin (id, created_at, updated_at, email, name, phone, title) VALUES (45,'2019-07-31 15:40:38.743','2019-07-31 15:40:38.743','kayleefletcher@sampleemail.com','Kaylee Fletcher','1234567934','Title 45');
INSERT INTO public.admin (id, created_at, updated_at, email, name, phone, title) VALUES (46,'2019-07-31 15:40:38.743','2019-07-31 15:40:38.743','reynagarrison@sampleemail.com','Reyna Garrison','1234567935','Title 46');
INSERT INTO public.admin (id, created_at, updated_at, email, name, phone, title) VALUES (47,'2019-07-31 15:40:38.743','2019-07-31 15:40:38.743','tyshawnfisher@sampleemail.com','Tyshawn Fisher','1234567936','Title 47');
INSERT INTO public.admin (id, created_at, updated_at, email, name, phone, title) VALUES (48,'2019-07-31 15:40:38.743','2019-07-31 15:40:38.743','paulinawong@sampleemail.com','Paulina Wong','1234567937','Title 48');
INSERT INTO public.admin (id, created_at, updated_at, email, name, phone, title) VALUES (49,'2019-07-31 15:40:38.743','2019-07-31 15:40:38.743','willowgomez@sampleemail.com','Willow Gomez','1234567938','Title 49');
INSERT INTO public.admin (id, created_at, updated_at, email, name, phone, title) VALUES (50,'2019-07-31 15:40:38.743','2019-07-31 15:40:38.743','sergiocarter@sampleemail.com','Sergio Carter','1234567939','Title 50');



--
-- Data for Name: organization; Type: TABLE DATA; Schema: public; Owner: postgres
--

INSERT INTO public.organization (id, created_at, updated_at, active, domain, health_system_name, license_key, name, admin_id, address_line1, address_line2, city, state) VALUES (1,'2019-07-31 15:40:38.743','2019-07-31 15:40:38.743', true,'www.pixysolutions.com','Pixy Solutions','0i~Q*^r0','Applied Materials',1,'9314 Railroad Ave.','9917 Joy Ridge Dr.','qrophis','Springelf');
INSERT INTO public.organization (id, created_at, updated_at, active, domain, health_system_name, license_key, name, admin_id, address_line1, address_line2, city, state) VALUES (2,'2019-07-31 15:40:38.743','2019-07-31 15:40:38.743', true,'www.timbercorporation.com','Timber Corporation','em9O@onZ','WEC Energy Group',2,'Tacoma, WA 98444','Morrisville, PA 19067','shudale','Bywynne');
INSERT INTO public.organization (id, created_at, updated_at, active, domain, health_system_name, license_key, name, admin_id, address_line1, address_line2, city, state) VALUES (3,'2019-07-31 15:40:38.743','2019-07-31 15:40:38.743', true,'www.omegaaviation.com','Omega Aviation','qul&NWCT','Erie Insurance Group',3,'69 Prince Street','8835 Oxford Drive','pemery','Strongness');
INSERT INTO public.organization (id, created_at, updated_at, active, domain, health_system_name, license_key, name, admin_id, address_line1, address_line2, city, state) VALUES (4,'2019-07-31 15:40:38.743','2019-07-31 15:40:38.743', true,'www.quaductions.com','Quaductions','lv+Gx3A6','EOG Resources',4,'Hyde Park, MA 02136','Cartersville, GA 30120','pelginia','Bridgemill');
INSERT INTO public.organization (id, created_at, updated_at, active, domain, health_system_name, license_key, name, admin_id, address_line1, address_line2, city, state) VALUES (5,'2019-07-31 15:40:38.743','2019-07-31 15:40:38.743', true,'www.shadearts.com','Shadearts','CxHIs1kR','TreeHouse Foods',5,'9005 Pumpkin Hill St.','9349 3rd Dr.','grilbert','Fallloch');
INSERT INTO public.organization (id, created_at, updated_at, active, domain, health_system_name, license_key, name, admin_id, address_line1, address_line2, city, state) VALUES (6,'2019-07-31 15:40:38.743','2019-07-31 15:40:38.743', true,'www.northstarporation.com','North Starporation','154V34Ft','Mastercard',6,'Aiken, SC 29803','Bellmore, NY 11710','flark','Hedgehaven');
INSERT INTO public.organization (id, created_at, updated_at, active, domain, health_system_name, license_key, name, admin_id, address_line1, address_line2, city, state) VALUES (7,'2019-07-31 15:40:38.743','2019-07-31 15:40:38.743', true,'www.midnightelligence.com','Midnightelligence','T80F0^-9','PulteGroup',7,'47 S. Young St.','259 Atlantic Ave.','dradena','Violetland');
INSERT INTO public.organization (id, created_at, updated_at, active, domain, health_system_name, license_key, name, admin_id, address_line1, address_line2, city, state) VALUES (8,'2019-07-31 15:40:38.743','2019-07-31 15:40:38.743', true,'www.timbershine.com','Timbershine','Q9?H1#V*','HD Supply Holdings',8,'San Diego, CA 92111','Myrtle Beach, SC 29577','wrago','Riverham');
INSERT INTO public.organization (id, created_at, updated_at, active, domain, health_system_name, license_key, name, admin_id, address_line1, address_line2, city, state) VALUES (9,'2019-07-31 15:40:38.743','2019-07-31 15:40:38.743', true,'www.shadowphone.com','Shadowphone','ReeIn5wb','News Corp.',9,'664 Jackson Lane','650 James Street','anetin','Linmoor');
INSERT INTO public.organization (id, created_at, updated_at, active, domain, health_system_name, license_key, name, admin_id, address_line1, address_line2, city, state) VALUES (10,'2019-07-31 15:40:38.743','2019-07-31 15:40:38.743', true,'www.diamondsys.com','Diamondsys','9R5pd4UL','Ball',10,'Fort Washington, MD 20744','Taylor, MI 48180','andton','Fairlea');
INSERT INTO public.organization (id, created_at, updated_at, active, domain, health_system_name, license_key, name, admin_id, address_line1, address_line2, city, state) VALUES (11,'2019-07-31 15:40:38.743','2019-07-31 15:40:38.743', true,'www.berrysystems.com','Berry Systems','jizGGK0G','Johnson & Johnson',11,'7434 Cemetery Street','173 Rockledge Circle','groving','Riverham');
INSERT INTO public.organization (id, created_at, updated_at, active, domain, health_system_name, license_key, name, admin_id, address_line1, address_line2, city, state) VALUES (12,'2019-07-31 15:40:38.743','2019-07-31 15:40:38.743', true,'www.thorsecurity.com','Thor Security','41ri%b#k','Eastman Chemical',12,'New Britain, CT 06051','Ada, OK 74820','lavine','Highwick');
INSERT INTO public.organization (id, created_at, updated_at, active, domain, health_system_name, license_key, name, admin_id, address_line1, address_line2, city, state) VALUES (13,'2019-07-31 15:40:38.743','2019-07-31 15:40:38.743', true,'www.championmicrosystems.com','Champion Microsystems','T#iDaYZ2','Kimberly-Clark',13,'809 Manor Drive','363 Marsh Drive','fuasall','Greywyn');
INSERT INTO public.organization (id, created_at, updated_at, active, domain, health_system_name, license_key, name, admin_id, address_line1, address_line2, city, state) VALUES (14,'2019-07-31 15:40:38.743','2019-07-31 15:40:38.743', true,'www.aurarts.com','Aurarts','Qrb*Eapx','Advance Auto Parts',14,'Warren, MI 48089','Fall River, MA 02720','todale','Erimere');
INSERT INTO public.organization (id, created_at, updated_at, active, domain, health_system_name, license_key, name, admin_id, address_line1, address_line2, city, state) VALUES (15,'2019-07-31 15:40:38.743','2019-07-31 15:40:38.743', true,'www.herolutions.com','Herolutions','CVT49wc?','Liberty Media',15,'9384 Princess Court','93 S. Jennings Ave.','kraphia','Clearness');
INSERT INTO public.organization (id, created_at, updated_at, active, domain, health_system_name, license_key, name, admin_id, address_line1, address_line2, city, state) VALUES (16,'2019-07-31 15:40:38.743','2019-07-31 15:40:38.743', true,'www.honeytelligence.com','Honeytelligence','wze4_65G','PNC Financial Services',16,'Madison, AL 35758','Land O Lakes, FL 34639','blison','Greywyn');
INSERT INTO public.organization (id, created_at, updated_at, active, domain, health_system_name, license_key, name, admin_id, address_line1, address_line2, city, state) VALUES (17,'2019-07-31 15:40:38.743','2019-07-31 15:40:38.743', true,'www.slickorps.com','Slickorps','B19~-*3a','Tesla',17,'5 Talbot Rd.','378 North South Dr.','bagos','Strongness');
INSERT INTO public.organization (id, created_at, updated_at, active, domain, health_system_name, license_key, name, admin_id, address_line1, address_line2, city, state) VALUES (18,'2019-07-31 15:40:38.743','2019-07-31 15:40:38.743', true,'www.ravennite.com','Ravennite','Gu5QZTIb','Pacific Life',18,'Manitowoc, WI 54220','Torrington, CT 06790','mance','Bywynne');
INSERT INTO public.organization (id, created_at, updated_at, active, domain, health_system_name, license_key, name, admin_id, address_line1, address_line2, city, state) VALUES (19,'2019-07-31 15:40:38.743','2019-07-31 15:40:38.743', true,'www.marssun.com','Marssun','Gj_5mO17','Intel',19,'114 W. Shadow Brook Rd.','7797 E. Riverside Ave.','aresgate','Orshore');
INSERT INTO public.organization (id, created_at, updated_at, active, domain, health_system_name, license_key, name, admin_id, address_line1, address_line2, city, state) VALUES (20,'2019-07-31 15:40:38.743','2019-07-31 15:40:38.743', true,'www.caverncast.com','Caverncast','mmHTZ@UW','LKQ',20,'Salem, MA 01970','Jamestown, NY 14701','icorora','Deerhedge');
INSERT INTO public.organization (id, created_at, updated_at, active, domain, health_system_name, license_key, name, admin_id, address_line1, address_line2, city, state) VALUES (21,'2019-07-31 15:40:38.743','2019-07-31 15:40:38.743', true,'www.nighttechnologies.com','Night Technologies','4O8RzZ0D','J.M. Smucker',21,'342 Lakeshore Ave.','7293 Pennington Lane','aklilens','Southcliff');
INSERT INTO public.organization (id, created_at, updated_at, active, domain, health_system_name, license_key, name, admin_id, address_line1, address_line2, city, state) VALUES (22,'2019-07-31 15:40:38.743','2019-07-31 15:40:38.743', true,'www.labyrinthtechnologies.com','Labyrinth Technologies','6nG90Of9','PVH',22,'Elizabethton, TN 37643','Alabaster, AL 35007','grogas','Orshore');
INSERT INTO public.organization (id, created_at, updated_at, active, domain, health_system_name, license_key, name, admin_id, address_line1, address_line2, city, state) VALUES (23,'2019-07-31 15:40:38.743','2019-07-31 15:40:38.743', true,'www.rosefoods.com','Rose Foods','n67lP08&','PPG Industries',23,'7180 Garfield Lane','8957 Corona Street','ekhiyving','Strongness');
INSERT INTO public.organization (id, created_at, updated_at, active, domain, health_system_name, license_key, name, admin_id, address_line1, address_line2, city, state) VALUES (24,'2019-07-31 15:40:38.743','2019-07-31 15:40:38.743', true,'www.greatechnologies.com','Greatechnologies','56YciSYd','Arconic',24,'Yonkers, NY 10701','Rockledge, FL 32955','vruling','Merrimere');
INSERT INTO public.organization (id, created_at, updated_at, active, domain, health_system_name, license_key, name, admin_id, address_line1, address_line2, city, state) VALUES (25,'2019-07-31 15:40:38.743','2019-07-31 15:40:38.743', true,'www.vortexecurity.com','Vortexecurity','CSu!O3~a','Qualcomm',25,'287 Glen Ridge Ave.','9611 Shadow Brook St.','krudling','Hedgehaven');
INSERT INTO public.organization (id, created_at, updated_at, active, domain, health_system_name, license_key, name, admin_id, address_line1, address_line2, city, state) VALUES (26,'2019-07-31 15:40:38.743','2019-07-31 15:40:38.743', true,'www.frostfiretronics.com','Frostfiretronics','851rb=28','United Rentals',26,'Barrington, IL 60010','Hackensack, NJ 07601','icam','Verthaven');
INSERT INTO public.organization (id, created_at, updated_at, active, domain, health_system_name, license_key, name, admin_id, address_line1, address_line2, city, state) VALUES (27,'2019-07-31 15:40:38.743','2019-07-31 15:40:38.743', true,'www.luckytronics.com','Luckytronics','n6K4J5n7','Arthur J. Gallagher',27,'7900 West San Pablo St.','9098 Constitution Dr.','ukul','Greywyn');
INSERT INTO public.organization (id, created_at, updated_at, active, domain, health_system_name, license_key, name, admin_id, address_line1, address_line2, city, state) VALUES (28,'2019-07-31 15:40:38.743','2019-07-31 15:40:38.743', true,'www.marshways.com','Marshways','4Y*c^%?M','Celanese',28,'Danbury, CT 06810','Lititz, PA 17543','ozholis','Clearness');
INSERT INTO public.organization (id, created_at, updated_at, active, domain, health_system_name, license_key, name, admin_id, address_line1, address_line2, city, state) VALUES (29,'2019-07-31 15:40:38.743','2019-07-31 15:40:38.743', true,'www.chiefgate.com','Chiefgate','dxuEY?Uz','Western Digital',29,'542 Argyle Court','77 Princess Circle','ancefast','Linmoor');
INSERT INTO public.organization (id, created_at, updated_at, active, domain, health_system_name, license_key, name, admin_id, address_line1, address_line2, city, state) VALUES (30,'2019-07-31 15:40:38.743','2019-07-31 15:40:38.743', true,'www.moonman.com','Moonman','l_=dt6*5','Rockwell Automation',30,'Chelmsford, MA 01824','Elizabethtown, PA 17022','olnport','Erimere');
INSERT INTO public.organization (id, created_at, updated_at, active, domain, health_system_name, license_key, name, admin_id, address_line1, address_line2, city, state) VALUES (31,'2019-07-31 15:40:38.743','2019-07-31 15:40:38.743', true,'www.alpinerecords.com','Alpine Records','K9#rAja?','McDonald''s',31,'705 Laurel Lane','7699 Philmont Avenue','vriasset','Strongness');
INSERT INTO public.organization (id, created_at, updated_at, active, domain, health_system_name, license_key, name, admin_id, address_line1, address_line2, city, state) VALUES (32,'2019-07-31 15:40:38.743','2019-07-31 15:40:38.743', true,'www.twilightsystems.com','Twilight Systems','TOF8A2Gr','Interpublic Group',32,'Oxnard, CA 93035','Burke, VA 22015','guistin','Violetfog');
INSERT INTO public.organization (id, created_at, updated_at, active, domain, health_system_name, license_key, name, admin_id, address_line1, address_line2, city, state) VALUES (33,'2019-07-31 15:40:38.743','2019-07-31 15:40:38.743', true,'www.moondustnetworks.com','Moondust Networks','dNfaa8N9','Peabody Energy',33,'4 Grand St.','8828 Depot Avenue','jausding','Highwick');
INSERT INTO public.organization (id, created_at, updated_at, active, domain, health_system_name, license_key, name, admin_id, address_line1, address_line2, city, state) VALUES (34,'2019-07-31 15:40:38.743','2019-07-31 15:40:38.743', true,'www.firetronics.com','Firetronics','9Cm-1U_c','Walmart',34,'Kennewick, WA 99337','West Warwick, RI 02893','zhubus','Springelf');
INSERT INTO public.organization (id, created_at, updated_at, active, domain, health_system_name, license_key, name, admin_id, address_line1, address_line2, city, state) VALUES (35,'2019-07-31 15:40:38.743','2019-07-31 15:40:38.743', true,'www.bullimited.com','Bullimited','VwlRN681','Loews',35,'7536 Liberty Court','12 Branch St.','grodtol','Bywynne');
INSERT INTO public.organization (id, created_at, updated_at, active, domain, health_system_name, license_key, name, admin_id, address_line1, address_line2, city, state) VALUES (36,'2019-07-31 15:40:38.743','2019-07-31 15:40:38.743', true,'www.lucentertainment.com','Lucentertainment','H+HfWcj2','Phillips 66',36,'Glendale, AZ 85302','Encino, CA 91316','flario','Strongness');
INSERT INTO public.organization (id, created_at, updated_at, active, domain, health_system_name, license_key, name, admin_id, address_line1, address_line2, city, state) VALUES (37,'2019-07-31 15:40:38.743','2019-07-31 15:40:38.743', true,'www.redustries.com','Redustries','i#-MdGBn','General Electric',37,'7709 Franklin Ave.','203 Golf Street','otrane','Bridgemill');
INSERT INTO public.organization (id, created_at, updated_at, active, domain, health_system_name, license_key, name, admin_id, address_line1, address_line2, city, state) VALUES (38,'2019-07-31 15:40:38.743','2019-07-31 15:40:38.743', true,'www.nymphsearch.com','Nymphsearch','Gl0+978j','Allstate',38,'Hartford, CT 06106','Janesville, WI 53546','glido','Fallloch');
INSERT INTO public.organization (id, created_at, updated_at, active, domain, health_system_name, license_key, name, admin_id, address_line1, address_line2, city, state) VALUES (39,'2019-07-31 15:40:38.743','2019-07-31 15:40:38.743', true,'www.timberman.com','Timberman','zitmSx##','EnLink Midstream',39,'7421 Sleepy Hollow St.','221 Ivy Street','anslens','Hedgehaven');
INSERT INTO public.organization (id, created_at, updated_at, active, domain, health_system_name, license_key, name, admin_id, address_line1, address_line2, city, state) VALUES (40,'2019-07-31 15:40:38.743','2019-07-31 15:40:38.743', true,'www.wolfwater.com','Wolfwater','JD2^k*^j','Procter & Gamble',40,'Osseo, MN 55311','Grayslake, IL 60030','agosvine','Violetland');
INSERT INTO public.organization (id, created_at, updated_at, active, domain, health_system_name, license_key, name, admin_id, address_line1, address_line2, city, state) VALUES (41,'2019-07-31 15:40:38.743','2019-07-31 15:40:38.743', true,'www.alpineindustries.com','Alpine Industries','a+5k8R89','Lincoln National',41,'17 N. Mammoth Ave.','66 Boston St.','yosvine','Riverham');
INSERT INTO public.organization (id, created_at, updated_at, active, domain, health_system_name, license_key, name, admin_id, address_line1, address_line2, city, state) VALUES (42,'2019-07-31 15:40:38.743','2019-07-31 15:40:38.743', true,'www.raptorcorporation.com','Raptor Corporation','5EBLatA8','Best Buy',42,'Teaneck, NJ 07666','Waukegan, IL 60085','riasburgh','Linmoor');
INSERT INTO public.organization (id, created_at, updated_at, active, domain, health_system_name, license_key, name, admin_id, address_line1, address_line2, city, state) VALUES (43,'2019-07-31 15:40:38.743','2019-07-31 15:40:38.743', true,'www.riversystems.com','River Systems','X@sq0Oh4','XPO Logistics',43,'9894 Hill Lane','385 New St.','yrigan','Fairlea');
INSERT INTO public.organization (id, created_at, updated_at, active, domain, health_system_name, license_key, name, admin_id, address_line1, address_line2, city, state) VALUES (44,'2019-07-31 15:40:38.743','2019-07-31 15:40:38.743', true,'www.cavologies.com','Cavologies','K3!L6C73','Darden Restaurants',44,'Frederick, MD 21701','Fairburn, GA 30213','taaton','Riverham');
INSERT INTO public.organization (id, created_at, updated_at, active, domain, health_system_name, license_key, name, admin_id, address_line1, address_line2, city, state) VALUES (45,'2019-07-31 15:40:38.743','2019-07-31 15:40:38.743', true,'www.neroductions.com','Neroductions','7#nmMwWp','Valero Energy',45,'171 Blue Spring Street','7089 Dogwood Street','bludale','Highwick');
INSERT INTO public.organization (id, created_at, updated_at, active, domain, health_system_name, license_key, name, admin_id, address_line1, address_line2, city, state) VALUES (46,'2019-07-31 15:40:38.743','2019-07-31 15:40:38.743', true,'www.elitelligence.com','Elitelligence','q6A8AfsK','Alliance Data Systems',46,'East Meadow, NY 11554','Nampa, ID 83651','eqrence','Greywyn');
INSERT INTO public.organization (id, created_at, updated_at, active, domain, health_system_name, license_key, name, admin_id, address_line1, address_line2, city, state) VALUES (47,'2019-07-31 15:40:38.743','2019-07-31 15:40:38.743', true,'www.motionavigations.com','Motionavigations','A9ZCkKw3','AECOM',47,'28 Wellington Street','7101 Lilac Road','kharc','Erimere');
INSERT INTO public.organization (id, created_at, updated_at, active, domain, health_system_name, license_key, name, admin_id, address_line1, address_line2, city, state) VALUES (48,'2019-07-31 15:40:38.743','2019-07-31 15:40:38.743', true,'www.typhoonhut.com','Typhoonhut','P0I3T22i','Tapestry',48,'Dickson, TN 37055','Westwood, NJ 07675','kale','Clearness');
INSERT INTO public.organization (id, created_at, updated_at, active, domain, health_system_name, license_key, name, admin_id, address_line1, address_line2, city, state) VALUES (49,'2019-07-31 15:40:38.743','2019-07-31 15:40:38.743', true,'www.ghostdream.com','Ghostdream','H$i=8kv3','Dollar Tree',49,'28 Halifax Ave.','454 North Schoolhouse Dr.','agoset','Greywyn');
INSERT INTO public.organization (id, created_at, updated_at, active, domain, health_system_name, license_key, name, admin_id, address_line1, address_line2, city, state) VALUES (50,'2019-07-31 15:40:38.743','2019-07-31 15:40:38.743', true,'www.marbledale.com','Marbledale','eAGegQZf','BJ''s Wholesale Club',50,'Venice, FL 34293','Camp Hill, PA 17011','agoslas','Strongness');

--
-- Data for Name: affiliation; Type: TABLE DATA; Schema: public; Owner: postgres
--

INSERT INTO public.affiliation (id, created_at, updated_at, status, actioned_by, affiliation_from, affiliation_with, requested_by, active) VALUES (1, '2019-08-19 12:24:46.472', '2019-08-19 12:24:46.472', 'AFFILIATED', 2, 1, 2, 1, true);
INSERT INTO public.affiliation (id, created_at, updated_at, status, actioned_by, affiliation_from, affiliation_with, requested_by, active) VALUES (2, '2019-08-19 12:24:46.472', '2019-08-19 12:24:46.472', 'ACTIVE_REQUEST', NULL, 1, 3, 1, true);
INSERT INTO public.affiliation (id, created_at, updated_at, status, actioned_by, affiliation_from, affiliation_with, requested_by, active) VALUES (3, '2019-08-19 12:24:46.472', '2019-08-19 12:24:46.472', 'ACTIVE_REQUEST', NULL, 3, 2, 3, true);
INSERT INTO public.affiliation (id, created_at, updated_at, status, actioned_by, affiliation_from, affiliation_with, requested_by, active) VALUES (4, '2019-08-19 12:24:46.472', '2019-08-19 12:24:46.472', 'REJECTED', 1, 3, 1, 3, true);
INSERT INTO public.affiliation (id, created_at, updated_at, status, actioned_by, affiliation_from, affiliation_with, requested_by, active) VALUES (5, '2019-08-19 12:24:46.472', '2019-08-19 12:24:46.472', 'ACTIVE_REQUEST', 11, 10, 11, 10, true);
INSERT INTO public.affiliation (id, created_at, updated_at, status, actioned_by, affiliation_from, affiliation_with, requested_by, active) VALUES (6, '2019-08-19 12:24:46.472', '2019-08-19 12:24:46.472', 'AFFILIATED', 12, 10, 12, 10, true);
INSERT INTO public.affiliation (id, created_at, updated_at, status, actioned_by, affiliation_from, affiliation_with, requested_by, active) VALUES (7, '2019-08-19 12:24:46.472', '2019-08-19 12:24:46.472', 'REJECTED', 13, 10, 13, 10, true);
INSERT INTO public.affiliation (id, created_at, updated_at, status, actioned_by, affiliation_from, affiliation_with, requested_by, active) VALUES (8, '2019-08-19 12:24:46.472', '2019-08-19 12:24:46.472', 'CANCELLED', 14, 10, 14, 10, true);
INSERT INTO public.affiliation (id, created_at, updated_at, status, actioned_by, affiliation_from, affiliation_with, requested_by, active) VALUES (9, '2019-08-19 12:24:46.472', '2019-08-19 12:24:46.472', 'REMOVED', 15, 10, 15, 10, true);
INSERT INTO public.affiliation (id, created_at, updated_at, status, actioned_by, affiliation_from, affiliation_with, requested_by, active) VALUES (10, '2019-08-19 12:24:46.472', '2019-08-19 12:24:46.472', 'REVOKED', 16, 10, 16, 10, true);
INSERT INTO public.affiliation (id, created_at, updated_at, status, actioned_by, affiliation_from, affiliation_with, requested_by, active) VALUES (11, '2019-08-19 12:24:46.472', '2019-08-19 12:24:46.472', 'UNREGISTERED', 17, 10, 17, 10, true);
INSERT INTO public.affiliation (id, created_at, updated_at, status, actioned_by, affiliation_from, affiliation_with, requested_by, active) VALUES (12, '2019-08-19 12:24:46.472', '2019-08-19 12:24:46.472', 'REMOVED', 11, 10, 11, 10, false);

--
-- Name: admin_sequence; Type: SEQUENCE SET; Schema: public; Owner: postgres
--

ALTER SEQUENCE public.admin_sequence restart with (select max(id)+1 from public.admin);

--
-- Name: affiliation_sequence; Type: SEQUENCE SET; Schema: public; Owner: postgres
--

ALTER SEQUENCE public.affiliation_sequence restart with (select max(id)+1 from public.affiliation);


--
-- Name: organization_sequence; Type: SEQUENCE SET; Schema: public; Owner: postgres
--

ALTER SEQUENCE public.organization_sequence restart with (select max(id)+1 from public.organization);
